﻿Weather,Temperature,Weather_id
few clouds,Neutral,W1
few clouds,Cold,W2
scattered clouds,Cold,W3
broken clouds,Neutral,W4
overcast clouds,Neutral,W5
scattered clouds,Neutral,W6
sky is clear,Neutral,W7
haze,Neutral,W8
scattered clouds,Hot,W9
broken clouds,Hot,W10
few clouds,Hot,W11
mist,Neutral,W12
light rain,Neutral,W13
moderate rain,Neutral,W14
light intensity drizzle,Neutral,W15
fog,Neutral,W16
heavy intensity rain,Neutral,W17
light snow,Neutral,W18
snow,Neutral,W19
shower rain,Neutral,W20
overcast clouds,Hot,W21
light rain,Hot,W22
thunderstorm with rain,Hot,W23
moderate rain,Hot,W24
thunderstorm,Hot,W25
heavy intensity rain,Hot,W26
smoke,Hot,W27
sky is clear,Hot,W28
mist,Hot,W29
haze,Hot,W30
fog,Hot,W31
light intensity drizzle,Hot,W32
shower rain,Hot,W33
thunderstorm with light rain,Hot,W34
proximity thunderstorm,Hot,W35
drizzle,Hot,W36
thunderstorm with heavy rain,Hot,W37
very heavy rain,Hot,W38
drizzle,Neutral,W39
light rain and snow,Neutral,W40
smoke,Neutral,W41
rain and snow,Neutral,W42
squalls,Hot,W43
thunderstorm with heavy rain,Neutral,W44
heavy snow,Neutral,W45
sky is clear,Cold,W46
thunderstorm,Neutral,W47
broken clouds,Cold,W48
thunderstorm with rain,Neutral,W49
light snow,Cold,W50
thunderstorm with light rain,Neutral,W51
very heavy rain,Neutral,W52
freezing rain,Neutral,W53
squalls,Neutral,W54
heavy snow,Cold,W55
snow,Cold,W56
overcast clouds,Cold,W57
heavy intensity drizzle,Neutral,W58
proximity thunderstorm with rain,Hot,W59
heavy intensity drizzle,Hot,W60
thunderstorm with drizzle,Neutral,W61
thunderstorm with light drizzle,Hot,W62
thunderstorm with drizzle,Hot,W63
thunderstorm with light drizzle,Neutral,W64
